{
  "tools": [
    {
      "name": "FusionAds.ai",
      "description": "Revolutionize ad creation and testing with AI-powered efficiency.",
      "price": "Free Trial",
      "cost": "$0",
      "tags": ["customer_service&support"],
      "ctaText": "Visit",
      "rating": 4.5
    },
    {
      "name": "SalesOptimizer",
      "description": "AI-driven sales insights and recommendations.",
      "price": "Paid",
      "cost": "$20",
      "tags": ["sales"],
      "ctaText": "Get Started",
      "rating": 3.8
    },
    {
      "name": "OpEx Bot",
      "description": "Optimize your operations with intelligent AI insights.",
      "price": "Active deal",
      "cost": "$15",
      "tags": ["operations"],
      "ctaText": "Get Deal",
      "rating": 4.0
    },
    {
      "name": "Productify",
      "description": "Boost productivity with AI-powered automation tools.",
      "price": "Subscription",
      "cost": "$10/month",
      "tags": ["productivity"],
      "ctaText": "Subscribe",
      "rating": 4.2
    }
  ]
}